Title;SKU;x
1885P AB;9009450;
1885P BL;9011800;
1885P BN;9010603;
1885P MSG;9014708;
1885P MSN;9019545;
1885P PG;9009451;
1885P SC;9011264;
1885P SN;9009452;
1885P W;9012551;
1895P AB;9009136;
1895P BL;9011801;
1895P BN;9010604;
1895P MSG;9014711;
1895P MSN;9019547;
1895P PG;9009134;
1895P SC;9011265;
1895P SN;9009135;
1895P W;9012552;
2070 AB;9008911;
2070 BN;9010605;
2070 PG;9008909;
2070 SN;9008910;
2070M AB;9008908;
2070M PG;9008905;
2070M SN;9008906;
2070P AB;9010526;
2070P BL;9012831;
2070P PG;9010527;
2070P SN;9010528;
2070P W;9012832;
70C AB;9008942;
70CK AB;9008945;
AGBAR MH-21 SC/CP;9013445;
AGBAR MH-21 SC/CP-S;9010797;
AGBAR MH-21 SN/BN-S;9010798;
AULA R5 ANT;9014514;
AULA R5 BIA;9014511;
AULA R5 CAFFE;9014513;
AULA R5 CSA;9014528;
AULA R5 NERO-ST;9019779;
AZRIELI MH-57-R6T BL;9014631;
AZRIELI MH-57-R6T MSG;9014632;
AZRIELI MH-57-R6T SC;9015183;
B6-45 AB;9008917;
B6-45 BL;9013938;
B6-45 PG;9008915;
B6-45 SC;9013939;
B6-45 SN;9008916;
CATHERINE MH-36 COF;9010598;
CATHERINE MH-36-CLP W/PC;9011972;
CATHERINE MH-36-CLP W/PG;9011968;
CAYAN MH-58-R6 BL;9014636;
CAYAN MH-58-R6 MSN;9019572;
CAYAN MH-58-R6 SC;9015184;
CC-KH FEA;9010399;
CC-KH OBA;9010400;
CC-WC FEA;9010401;
CC-WC OBA;9010402;
CERAMICA CC-3 OBA/CHAMP;9010397;
CHAPEL MH-01 AB;9010633;
CHAPEL MH-01 SG;9008242;
CHAPEL MH-01 SN;9010634;
CH-R 85X82 B;9012499;
CH-R 85X82 SC;9012498;
CH-R 85X82 W;9012500;
CH-S 85X82 B;9012793;
CH-S 85X82 SC;9012501;
CH-S 85X82 W;9012794;
COLUMN MH-03 BL;9012845;
COLUMN MH-03 SG/GP;9008248;
COLUMN MH-03 SN/BN;9010555;
COLUMN MH-03 SN/CP;9010537;
COMETA R5 ANT;9013314;
COMETA R5 BIA;9012343;
COMETA R5 CAFFE;9012341;
COMETA R5 CRO;9012342;
COMETA R5 CSA;9012340;
COMETA R5 NERO-ST;9019780;
DOME MH-09 SN;9010637;
DOMINION MH-40 SC/CP-S;9011392;
DRILLING TOOL;9009812;
DS1 AB;9009095;
DS1 BL;9012836;
DS1 BN;9010611;
DS1 COF;9010610;
DS1 CP;9009096;
DS1 GP;9009097;
DS1 SC;9013949;
DS1 SG;9009098;
DS1 SN;9009099;
DS1 W;9012837;
DS2 AB;9009100;
DS2 BN;9010612;
DS2 COF;9010613;
DS2 CP;9009101;
DS2 GP;9009102;
DS2 SC;9013950;
DS2 SG;9009103;
DS2 SN;9009104;
DS3 AB;9009092;
DS3 BL;9012838;
DS3 BN;9010614;
DS3 COF;9010615;
DS3 CP;9009094;
DS3 GP;9009090;
DS3 SC;9013951;
DS3 SG;9009091;
DS3 SN;9009093;
DS3 W;9012839;
DS6 IB;9011304;
DS8 IB;9011306;
DUCALE MH-24 COF;9009522;
EON MH-46 GR/CP-S55;9011773;
EON MH-46 SC/CP-S55;9012227;
EON MH-46 SC/W-S55;9012225;
FIORD S5 CAFFE;9012306;
FIORD S5 CRO;9012307;
FIORD S5 CSA;9012305;
FIORD S5 NERO-ST;9019781;
FIORD-SM BIA;9012892;
FIORD-SM CSA;9012733;
FIORD-SM NERO-ST;9019782;
FLEX MH-44 GR/CP-S55;9011772;
FLEX MH-44 SC/CP-S55;9012226;
FLEX MH-44 SC/W-S55;9012224;
FOSTER MHR-1 AB;9012269;
FOSTER MHR-1 BL;9012270;
FOSTER MHR-1 SC;9012268;
FOSTER MHR-1 SN;9012267;
FOUNTAIN MH-04 SN/BN;9010556;
FOUNTAIN MH-04 SN/CP;9010538;
FUKOKU MH-28 BL-S;9011409;
FUKOKU MH-28 SC/CP-S;9013446;
FUKOKU MH-28 SN/BN-S;9010558;
GALACTIC S5 CAFFE;9012317;
GALACTIC S5 CRO;9012318;
GALACTIC S5 CSA;9012316;
GALACTIC S5 NERO-ST;9019783;
GARAK MH-59-R6 BL;9014638;
GARAK MH-59-R6 MSN;9019573;
GARAK MH-59-R6 SC;9015185;
GIUSEPPE MH-22 COF;9010553;
GIUSEPPE MH-22-CLP W/PC;9011971;
GIUSEPPE MH-22-CLP W/PG;9011967;
GRAND CARAT R5 CAFFE;9017470;
GRAND CARAT R5 CSA;9017468;
GRAND CARAT R5 NERO-ST;9017469;
GVI MH-29 SC/CP-S;9010142;
HALL MH-19 SC/CP;9009259;
HERMITAGE I MH-30 COF;9010143;
HERMITAGE III MH-32 COF;9010145;
HORIZONT S5 ANT;9013313;
HORIZONT S5 BIA;9012303;
HORIZONT S5 CAFFE;9012301;
HORIZONT S5 CRO;9012302;
HORIZONT S5 CSA;9012300;
HORIZONT S5 NERO-ST;9019784;
HORIZONT S5 OSA;9013113;
HORIZONT S5 OTL;9012725;
HORIZONT-SM BIA;9012731;
HORIZONT-SM CSA;9012730;
HORIZONT-SM NERO-ST;9019785;
HS 50C AB;9016910;
HS 50C PC;9015150;
HS 50C PG;9016911;
HS 50CK PC;9015151;
HS 50CK PG;9015152;
HS 60C AB;9015153;
HS 60C BL;9015154;
HS 60C BN;9015155;
HS 60C PC;9015156;
HS 60C PG;9015157;
HS 60C SN;9015158;
HS 60C W;9015159;
HS 60CK AB;9015160;
HS 60CK BL;9015161;
HS 60CK BN;9015162;
HS 60CK PC;9015163;
HS 60CK PG;9015164;
HS 60CK SN;9015165;
HS 60CK W;9015166;
HS 70C BL;9015168;
HS 70C PG;9015169;
HS 70C SN;9015170;
HS 70CK BL;9015172;
HS 70CK PG;9015173;
HS 70CK SN;9015174;
IM L B;9017180;
IM L MAB;9009668;
IM L PC;9009667;
IM L PG;9009666;
IM L SC;0;
IM L SC NP;9012168;
IM L W;0;
IM L W NP;9012169;
IM WC B;9017178;
IM WC MAB;9009671;
IM WC PC;9009670;
IM WC PG;9009669;
IM WC SC;9017177;
IM WC W;9017179;
IP L B;9012174;
IP L MAB;9009660;
IP L PC;9009662;
IP L PG;9009661;
IP L SC;9012173;
IP L W;9012175;
IP WC B;9012176;
IP WC MAB;9009665;
IP WC PC;9009664;
IP WC PG;9009663;
IP WC SC;9012137;
IP WC W;9012177;
ISLAND NC-1-S1 CSA/CRO;9009839;
JURA MH-43 SC/CP-S;9011771;
KAFFEE MH-50-S6 BL;9012700;
KAFFEE MH-50-S6 SC;9013391;
KAFFEE MH-50-S6 W;9012701;
KIT ESSENTIAL;9013488;
L03 AB;9008931;
L03 PG;9008929;
L03 SN;9008930;
L160 AB;9008920;
L160 BL;9012834;
L160 BN;9011268;
L160 PG;9008918;
L160 SC;9011458;
L160 SN;9008919;x
L160 W;9012835;
L1885 AB;9011249;
L1885 BL;9012833;
L1885 PG;9011250;
L1885 SN;9011251;
L6-45 AB;9008914;
L6-45 BN;9010571;
L6-45 PG;9008912;
L6-45 SN;9008913;
LAND MH-60-R6 BL;9014639;
LAND MH-60-R6 SC;9015186;
LE BOAT R5 OSA;9020295;
LE BOAT R5 OTL;9020296;
LION'S PAW MH-05 AB;9010583;
LONDON EYE MH-26 MAB/AB;9009871;
LONDON EYE MH-26 SC/CP;9009873;
LONDON EYE MH-26 SG/GP;9009872;
LOT MH-56-S6 BL;9014423;
LOT MH-56-S6 GR;9020324;
LOT MH-56-S6 MSG;9014629;
LOT MH-56-S6 MSN;9019571;
LOT MH-56-S6 SSC;9014424;
LP6-45 AB;9010488;
LP6-45 BL;9012829;
LP6-45 PG;9010489;
LP6-45 SC;9013940;
LP6-45 SN;9010490;
LP6-45 W;9012830;
LUX-KH-R1 CAFFE;9009847;
LUX-KH-R1 CRO;9009848;
LUX-KH-R1 CSA;9009746;
LUX-KH-R5 ANT;9013316;
LUX-KH-R5 BIA;9012348;
LUX-KH-R5 CAFFE;9012346;
LUX-KH-R5 CRO;9012347;
LUX-KH-R5 CSA;9012345;
LUX-KH-R5 NERO-ST;9019799;
LUX-KH-R5 OSA;9014281;
LUX-KH-R5 OTL;9013921;
LUX-KH-S1 CRO;9009852;
LUX-KH-S1 CSA;9009853;
LUX-KH-S5 ANT;9013315;
LUX-KH-S5 BIA;9012323;
LUX-KH-S5 CAFFE;9012321;
LUX-KH-S5 CRO;9012322;
LUX-KH-S5 CSA;9012320;
LUX-KH-S5 NERO-ST;9019792;
LUX-KH-S5 OSA;9012943;
LUX-KH-S5 OTL;9012727;
LUX-KH-SM BIA;9012739;
LUX-KH-SM CSA;9012738;
LUX-KH-SM NERO-ST;9019793;
LUX-SPINDLE-WC 110 ANT;9014141;
LUX-SPINDLE-WC 110 BIA;9012786;
LUX-SPINDLE-WC 110 CAFFE;9012782;
LUX-SPINDLE-WC 110 CRO;9013032;
LUX-SPINDLE-WC 110 CSA;9012217;
LUX-SPINDLE-WC 110 NERO-ST;9019794;
LUX-SPINDLE-WC 110 OSA;9012978;
LUX-SPINDLE-WC 110 OTL;9015022;
LUX-WC-R1 CAFFE;9009843;
LUX-WC-R1 CRO;9009844;
LUX-WC-R1 CSA;9009745;
LUX-WC-R5 ANT;9013317;
LUX-WC-R5 BIA;9012353;
LUX-WC-R5 CAFFE;9012351;
LUX-WC-R5 CRO;9012352;
LUX-WC-R5 CSA;9012350;
LUX-WC-R5 NERO-ST;9019795;
LUX-WC-R5 OSA;9013370;
LUX-WC-R5 OTL;9013922;
LUX-WC-S1 CRO;9009849;
LUX-WC-S1 CSA;9009850;
LUX-WC-S1 CSA/CRO;9009851;
LUX-WC-S5 ANT;9013325;
LUX-WC-S5 BIA;9012328;
LUX-WC-S5 CAFFE;9012326;
LUX-WC-S5 CRO;9012327;
LUX-WC-S5 CSA;9012325;
LUX-WC-S5 NERO-ST;9019796;
LUX-WC-S5 OSA;9012942;
LUX-WC-S5 OTL;9012570;
LUX-WC-SH ANT;9014028;
LUX-WC-SH BIA;9014029;
LUX-WC-SH CAFFE;9014027;
LUX-WC-SH CSA;9014024;
LUX-WC-SH NERO-ST;9019797;
LUX-WC-SM BIA;9012742;
LUX-WC-SM CSA;9012741;
LUX-WC-SM NERO-ST;9019798;
LUX-WC-UN ANT;9014035;
LUX-WC-UN BIA;9014036;
LUX-WC-UN CAFFE;9014034;
LUX-WC-UN CSA;9014031;
LUX-WC-UN NERO-ST;9019801;
M1885 AB;9010350;
M1885 BL;9011802;
M1885 GR;9019550;
M1885 MSG;9014712;
M1885 MSN;9019549;
M1885 PG;9010351;
M1885 SC;9011266;
M1885 SN;9010352;
M1885 SSC;9019548;
M1885 W;9012553;
M1895 AB;9010347;
M1895 BL;9011803;
M1895 FTG;9018996;
M1895 GR;9019553;
M1895 MSG;9014713;
M1895 MSN;9019552;
M1895 PG;9010348;
M1895 SC;9011267;
M1895 SN;9010349;
M1895 SSC;9019551;
M1895 W;9012554;
MAGLEV MH-52-S6 BL;9013185;
MAGLEV MH-52-S6 SC;9013186;
MAGLEV MH-52-S6 W;9013184;
MARACANA MH-62-R50 BL;9014454;
MARACANA MH-62-R50 WD BL;9018998;
MART MH-42-CLASSIC OMB/CH;9011397;
MART MH-42-CLASSIC OMS/GR;9011398;
MART MH-42-CLASSIC PC/W;9011399;
MART MH-42-CLASSIC PG/W;9011400;
MARY CC-2 FEA;9010395;
MARY CC-2 OBA;9010396;
MB 100X70X3 AB L C;9010226;
MB 100X70X3 AB R C;9010227;
MB 100X70X3 SC L C;9010267;
MB 100X70X3 SC R C;9010268;
MB 100X70X3 SG L C;9010269;
MB 100X70X3 SG R C;9010270;
MB 100X70X3 SN L C;9010228;
MB 100X70X3 SN R C;9010229;
MB 120X80X3.5 AB L C;9010367;
MB 120X80X3.5 AB R C;9010368;
MB 120X80X3.5 SG L C;9010371;
MB 120X80X3.5 SG R C;9010372;
MBU 100X70X3-4BB AB;9010230;
MBU 100X70X3-4BB COF;9009684;
MBU 100X70X3-4BB SC;9010231;
MBU 100X70X3-4BB SG;9010232;
MBU 100X70X3-4BB SN;9010233;
MDS-1 AB;9011013;
MDS-1 BN;9011014;
MDS-1 PC;9011015;
MDS-1 SN;9011016;
MDS-2 AB;9011017;
MDS-2 BN;9011018;
MDS-2 PC;9011019;
MDS-2 SN;9011020;
MDS-3 AB;9011021;
MDS-3 BN;9011022;
MDS-3 PC;9011023;
MDS-3 SN;9011024;
MDS-4 AB;9011025;
MDS-4 BN;9011026;
MDS-4 PC;9011027;
MDS-4 SN;9011028;
MERCURY MH-53-S6 BL;9013356;
MERCURY MH-53-S6 SC;9015190;
MERCURY MH-53-S6 W;9013357;
MH-62 - INSERT;9020406;
MH-62/63 - SCREW SET;9020407;
MH-63 - INSERT;9020408;
MH-CYL AB;9010935;
MH-CYL GP;9010937;
MH-CYL SC/CP;9010939;
MH-CYL SG;9010940;
MH-CYL SN/CP;9010941;
MH-KH AB;9008256;
MH-KH AB;9008256;
MH-KH BL;9012708;
MH-KH BL;9012708;
MH-KH COF;9009364;
MH-KH MAB;9008569;x
MH-KH MAB;9008569;
MH-KH MAB;9008569;
MH-KH SC/CP;9009260;
MH-KH SG/GP;9008254;x
MH-KH SG/GP;9008254;
MH-KH SN/BN;9010579;
MH-KH SN/CP;9008255;x
MH-KH SN/CP;9008255;
MH-KH SN/CP;9008255;
MH-KH-CLASSIC OMB;9011402;
MH-KH-CLASSIC OMS;9011403;
MH-KH-CLASSIC PC;9011401;
MH-KH-CLASSIC PG;9011404;
MH-KH-CLP W/PC;9011973;
MH-KH-CLP W/PG;9011969;
MH-KH-R6 BL;9014669;
MH-KH-R6 MSG;9014671;
MH-KH-R6 MSN;9019577;
MH-KH-R6 SC;9015189;
MH-KH-S BL;9011411;
MH-KH-S COF;9010149;
MH-KH-S SC/CP;9009261;
MH-KH-S SN/BN;9010580;
MH-KH-S55 GR/PC;9011775;
MH-KH-S55 SC/CP;9012228;
MH-KH-S6 BL;9012703;
MH-KH-S6 GR;9020326;
MH-KH-S6 MSG;9014670;
MH-KH-S6 MSN;9019576;
MH-KH-S6 SC;9013392;
MH-KH-S6 SSC;9014428;
MH-KH-S6 W;9012704;
MHS-1 L AB;9010154;
MHS-1 L SC;9010168;
MHS-1 L SG;9010167;
MHS-1 SC;9010164;
MHS-1 SG;9010163;
MHS-1 WC AB;9010151;
MHS-1 WC SC;9010153;
MHS-1 WC SG;9010152;
MHS120 BL;9013477;
MHS120 SS;9011212;
MHS128 BL;9014509;
MHS128 SC;9014508;
MHS150 AB;9009343;
MHS150 BL;9012710;
MHS150 BN;9012711;
MHS150 L AB;9010159;
MHS150 L SC;9010161;
MHS150 L SG;9010160;
MHS150 SC;9010155;
MHS150 SG;9009344;
MHS150 SN;9009345;
MHS150 W;9012757;
MHS150 WC AB;9010156;
MHS150 WC SC;9010158;
MHS150 WC SG;9010157;
MHS153 BL;9014506;
MHS153 SC;9014507;
MHS-2 L AB;9010171;
MHS-2 L SC;9010172;
MHS-2 SC;9010166;
MHS-2 WC AB;9010169;
MHS-2 WC SC;9010170;
MH-WC AB;9008260;x
MH-WC AB;9008260;
MH-WC BL;9012709;
MH-WC BL;9012709;
MH-WC COF;9009365;
MH-WC MAB;9008570;
MH-WC MAB;9008570;
MH-WC MAB;9008570;
MH-WC SC/CP;9009262;
MH-WC SG/GP;9008258;
MH-WC SG/GP;9008258;
MH-WC SN/BN;9010581;
MH-WC SN/CP;9008259;
MH-WC SN/CP;9008259;
MH-WC SN/CP;9008259;
MH-WC-CLASSIC OMB;9011406;
MH-WC-CLASSIC OMS;9011407;
MH-WC-CLASSIC PC;9011405;
MH-WC-CLASSIC PG;9011408;
MH-WC-CLP W/PC;9011974;
MH-WC-CLP W/PG;9011970;
MH-WC-R6 BL;9014644;
MH-WC-R6 MSN;9019575;
MH-WC-R6 SC;9015187;
MH-WC-R6T BL;9014666;
MH-WC-R6T MSG;9014667;
MH-WC-R6T SC;9015188;
MH-WC-S BL;9011412;
MH-WC-S COF;9010150;
MH-WC-S SC/CP;9009263;
MH-WC-S SN/BN;9010582;
MH-WC-S55 GR/PC;9011776;
MH-WC-S55 SC/CP;9012229;
MH-WC-S6 ASC;9020529;
MH-WC-S6 BL;9012706;
MH-WC-S6 FTG;9020202;
MH-WC-S6 GR;9020325;
MH-WC-S6 MSG;9014664;
MH-WC-S6 MSN;9019574;
MH-WC-S6 SC;9013393;
MH-WC-S6 SSC;9014427;
MH-WC-S6 W;9012707;
MIRA MH-54-S6 BL;9013946;
MIRA MH-54-S6 GR;9020323;
MIRA MH-54-S6 MSN;9019570;
MIRA MH-54-S6 SSC;9014422;
MIRA MH-54-S6 W;9013948;
MIRAGE MH-14 MAB;9008949;
MIRAGE MH-14 SN/CP;9008947;
MM 2085 AB;9008730;
MM 2085 BL;9014706;
MM 2085 PG;9008728;
MM 2085 SN;9008729;
MM 2090 AB;9008644;
MM 2090 BL;9014707;
MM 2090 PG;9008483;
MM 2090 SN;9008484;
MOSAIC MH-11 MAB/AB;9008565;x
MOSAIC MH-11 SN/CP;9008564;x
MS 100X70X2.5 L PC;9008965;
MS 100X70X2.5 R PC;9008966;
MS-C 100X70X2.5 AB L;9009814;
MS-C 100X70X2.5 AB R;9009815;
MS-C 100X70X2.5 SN L;9009818;
MS-C 100X70X2.5 SN R;9009819;
MS-C 100X70X2.5-4BB AB;9010105;
MSD-C 100X70X2.5 SN L;9009824;
MSD-C 100X70X2.5 SN R;9009825;
MSN 100X70X2.5 AB L;9015102;
MSN 100X70X2.5 AB R;9015108;
MSN 100X70X2.5 COF L;9015103;
MSN 100X70X2.5 COF R;9015109;
MSN 100X70X2.5 PG L;9015105;
MSN 100X70X2.5 PG R;9015111;
MSN 100X70X2.5 SG L;9015106;
MSN 100X70X2.5 SG R;9015113;
MSN 100X70X2.5 SN L;9015107;
MSN 100X70X2.5 SN R;9015112;
MSN 100X70X2.5-4BB AB;9015114;
MSN 100X70X2.5-4BB BL;9015115;
MSN 100X70X2.5-4BB BN;9015116;
MSN 100X70X2.5-4BB COF;9015117;
MSN 100X70X2.5-4BB GR;9019563;
MSN 100X70X2.5-4BB MSG;9015118;
MSN 100X70X2.5-4BB MSN;9019561;
MSN 100X70X2.5-4BB PC;9015121;
MSN 100X70X2.5-4BB PG;9015122;
MSN 100X70X2.5-4BB SC;9015123;
MSN 100X70X2.5-4BB SG;9015124;
MSN 100X70X2.5-4BB SN;9015125;
MSN 100X70X2.5-4BB SSC;9019562;
MSN 100X70X2.5-4BB W;9015126;
MSN-C 100X70X2.5-4BB SG;9017070;
MSN-C 100X70X2.5-4BB SN;9017137;
MSND 100X70X2.5 AB L;9015127;
MSND 100X70X2.5 AB R;9015128;
MSND 100X70X2.5 BL L;9015129;
MSND 100X70X2.5 BL R;9015130;
MSND 100X70X2.5 BN L;9015131;
MSND 100X70X2.5 BN R;9015132;
MSND 100X70X2.5 PC L;9015133;
MSND 100X70X2.5 PC R;9015134;
MSND 100X70X2.5 SC L;9015135;
MSND 100X70X2.5 SC R;9015136;
MSND 100X70X2.5 SG L;9015137;
MSND 100X70X2.5 SG R;9015138;
MSND 100X70X2.5 SN L;9015139;
MSND 100X70X2.5 SN R;9015140;
MSND 100X70X2.5 W L;9015141;
MSND 100X70X2.5 W R;9015142;
MSND-C 100X70X2.5 AB L;9016893;
MSND-C 100X70X2.5 AB R;9016894;
MSND-C 100X70X2.5 SG L;9017071;
MSND-C 100X70X2.5 SG R;9017072;
MSP-1 AB;9011734;
MSP-1 BL;9017118;
MSP-1 SN;9011735;
MSP-1 W;9017119;
NEW ENGLAND MH-63-S50 BL;9014455;
NEW ENGLAND MH-63-S50 WD BL;9018999;
O2070 AB;9009251;
O2070 PG;9009249;
O2070 SN;9009250;
OAKA MH-61-R6 BL;9014641;
OAKA MH-61-R6 SC;9015208;
OL03 AB;9010034;
OL03 PG;9010035;
OL03 SN;9010036;
OL160 AB;9010641;
OL160 BL;9017068;
OL160 PG;9010642;
OL160 SN;9010643;
OL6-45 AB;9010448;
OL6-45 PG;9010449;
OL6-45 SN;9010450;
PALAZZO II MH-02 MAB/AB;9008954;
PALAZZO II MH-02 SN/CP;9010635;
PALAZZO MH-02P MAB/AB;9008953;
PALAZZO MH-02P SN/CP;9010636;
PANATHENAIC R5 CAFFE;9016032;
PANATHENAIC R5 CSA;9016033;
PANATHENAIC R5 NERO-ST;9016034;
PANTS MH-35 BL-S;9011410;
PANTS MH-35 SN/BN-S;9010559;
PIERRES MH-49-S6 BL;9012697;
PIERRES MH-49-S6 SC;9013390;
PIERRES MH-49-S6 W;9012698;
PIQUADRO MH-37 SC/CP-S;9010621;
PIQUADRO MH-37 SN/BN-S;9010622;
PISA MH-06 BL;9012846;
PISA MH-06 SN/BN;9010557;
PISA MH-06 SN/CP;9010549;
PLATEAU MH-51-S6 BL;9013182;
PLATEAU MH-51-S6 SC;9013385;
PLATEAU MH-51-S6 W;9013183;
PLAZA CC-1 FEA;9010393;
PLAZA CC-1 OBA;9010394;
PORTAL MH-07 SN;9010586;
QUADRO-1 BL;9016035;
QUADRO-2 BL;9016036;
ROCK NC-8-S1 CRO;9009828;
ROCK NC-8-S1 CSA;9009827;
SAND NC-7-R1 CRO;9009838;
SAND NC-7-S1 CSA;9009837;
SANIBELL MH-39 SN/BN-S;9011215;
SCREW SET B;9013434;
SCREW SET MAB;9013435;
SCREW SET PC;9013436;
SCREW SET PG;9013437;
SECRET DS BL;9014715;
SECRET DS SC;9014716;
SET 4;9009889;
SET 8;9010009;
SHAPE MH-38 SN/BN-S;9011056;
SHELL MH-45 GR/CP-S55;9011774;
SHUTTLE ANT;9014005;
SHUTTLE BIA;9014006;
SHUTTLE CAFFE;9014004;
SHUTTLE CSA;9014001;
SHUTTLE NERO-ST;9019786;
SLEEP MH-15 MAB;9008952;
SLEEP MH-15 SN/CP;9008950;
SOUK MH-55-S6 BL;9014425;
SOUK MH-55-S6 SSC;9014426;
SP-1 SN;9011365;
SP-6 AB;9013560;
SP-6 BL;9013561;
SP-6 SC;9013566;
SP-6 W;9013565;
SPACE S5 BIA;9012310;
SPACE S5 CSA;9012309;
SPACE S5 NERO-ST;9019803;
SPINDLE 8х8х120;9011139;
SPINDLE 8х8х150;9011140;
SPINDLE 8х8х180;9011141;
SPINDLE ESSENTIAL 110;9014517;
SPINDLE TWICE;9012404;
SPINDLE WC 6x6x100;9014572;
SPUTNIK S5 CAFFE;9012313;
SPUTNIK S5 CRO;9012314;
SPUTNIK S5 CSA;9012312;
SPUTNIK S5 NERO-ST;9019787;
SPUTNIK-SM CSA;9012735;
SPUTNIK-SM NERO-ST;9019788;
STEPS MH-64-S6 ASC;9019566;
STEPS MH-64-S6 BL;9019565;
STEPS MH-64-S6 FTG;9019568;
STEPS MH-64-S6 MSG;9019569;
STONE NC-2-S1 CSA;9009840;
SULLA MH-48-S6 BL;9012522;
SULLA MH-48-S6 SSC/BL;9014717;
SULLA MH-48-S6 SSC/W;9014421;
SULLA MH-48-S6 W;9012695;
THE FORCE R5 ANT;9013320;
THE FORCE R5 BIA;9013321;
THE FORCE R5 CAFFE;9013323;
THE FORCE R5 CSA;9013324;
THE FORCE R5 NERO-ST;9019789;
TMH-1 30-65;9014593;
TOMORROW R5 ANT;9014533;
TOMORROW R5 BIA;9014531;
TOMORROW R5 CAFFE;9014532;
TOMORROW R5 CSA;9014529;
TOMORROW R5 NERO-ST;9019790;
TRACK 2M;9009894;
TRACK 3M;9010076;
TRACK-B 10x10x10 1M;9010077;
UMBERTO MH-41-CLASSIC OMB/CH;9011393;
UMBERTO MH-41-CLASSIC OMS/GR;9011394;
UMBERTO MH-41-CLASSIC PC/W;9011395;
UMBERTO MH-41-CLASSIC PG/W;9011396;
UNIVERSE ANT;9014012;
UNIVERSE BIA;9014013;
UNIVERSE CAFFE;9014011;
UNIVERSE CSA;9014008;
UNIVERSE NERO-ST;9019800;
W MH-27 SC/CP-S;9010140;
WAVE NC-6-R1 CAFFE;9009834;
WAVE NC-6-R1 CRO;9009833;
WAVE NC-6-R1 CSA;9009832;
WAVES MH-34 COF-S;9010148;
WIND NC-9-R1 CRO;9009831;
WIND NC-9-R1 CSA;9009830;
YSTAD MH-47-S6 BL;9012521;
YSTAD MH-47-S6 SSC;9014420;
YSTAD MH-47-S6 W;9012694;
Z1 B планка с язычком;9012139;
Z1 B планка с язычком;9012139;
Z1 MAB планка с язычком;9010595;
Z1 MAB планка с язычком;9010595;
Z1 PC планка с язычком;9010596;
Z1 PC планка с язычком;9010596;
Z1 PG планка с язычком;9010597;
Z1 PG планка с язычком;9010597;
Z1 SC планка с язычком;9012138;
Z1 SC планка с язычком;9012138;
Z1 W планка с язычком;9012140;
Z1 W планка с язычком;9012140;
Нижний флажок MORELLI 5мм;9010173;
